Title,Link 

Encore Episode: 4 Rituals That Make You Super Productive ,https://michaelhyatt.com/33e-encore-episode-4-rituals-that-make-you-super-productive/ 

How to Master the Essential Discipline of Stillness ,https://michaelhyatt.com/the-practice-of-stillness/ 

Encore Episode: The 3×3 Goal Achievement Strategy ,https://michaelhyatt.com/enocre-episode-the-3x3-goal-achievement-strategy/ 

5 Reasons Why You Should Commit Your Goals to Writing ,https://michaelhyatt.com/5-reasons-why-you-should-commit-your-goals-to-writing/ 

Encore Episode: The Power of Personality ,https://michaelhyatt.com/58e-the-power-of-personality/ 

The 5 Marks of Authentic Leadership ,https://michaelhyatt.com/the-five-marks-of-authentic-leadership/ 

Encore Episode: 4 Steps to Communicating Vision ,https://michaelhyatt.com/14e4-steps-to-communicating-vision/ 

20 Questions to Ask Other Leaders ,https://michaelhyatt.com/20-questions-to-ask-other-leaders/ 

Encore Episode: Self-Care As a Leadership Discipline ,https://michaelhyatt.com/27e-encore-episode/ 

The Upside of an Experimental Mindset ,https://michaelhyatt.com/the-upside-of-an-experimental-mindset/ 

5 Steps for Healthy Confrontation ,https://michaelhyatt.com/5-steps-for-healthy-confrontation/ 

3 Questions Every Leader Must Answer to Avoid the Drift ,https://michaelhyatt.com/3-questions-every-leader-must-answer-to-avoid-the-drift/ 

How to Delegate Even If You Don’t Have a Team ,https://michaelhyatt.com/how-to-delegate-even-if-you-dont-have-a-team/ 

Have the Right Meetings ,https://michaelhyatt.com/have-the-right-meetings/ 

How to Create a Company People Are Begging to Join ,https://michaelhyatt.com/how-to-create-a-company-people-are-begging-to-join/ 

Don’t Love Your Job? You Have 3 Options ,https://michaelhyatt.com/dont-love-your-job-you-have-3-options/ 

Have a Bad Boss? Do This ,https://michaelhyatt.com/have-a-bad-boss-do-this/ 

How to Beat Interruptions and Distractions: A Free Audio Chapter from Free to Focus ,https://michaelhyatt.com/how-to-beat-interruptions-and-distractions-a-free-audio-chapter-from-free-to-focus/ 

7 Steps to Thinking Big ,https://michaelhyatt.com/7-steps-to-thinking-big/ 

How to Simplify Systems for Business Growth ,https://michaelhyatt.com/how-to-simplify-systems-for-business-growth/ 

Hire This Role Immediately! ,https://michaelhyatt.com/hire-this-role-immediately/ 

Destroy Distractions with These 9 Focus-Boosting Strategies ,https://michaelhyatt.com/destroy-distractions-with-these-9-focus-boosting-strategies/ 

A (Virtual) Book Launch Party for Free to Focus ,https://michaelhyatt.com/a-virtual-book-launch-party-for-free-to-focus/ 

Bonus Episode: Free Chapter from Free to Focus ,https://michaelhyatt.com/bonus-episode-free-chapter-from-free-to-focus/ 

3 Actions to Beat Your Biggest Distractions ,https://michaelhyatt.com/3-actions-to-beat-your-biggest-distractions/ 

How Healthy Is Your Business? ,https://michaelhyatt.com/how-healthy-is-your-business/ 

Answers to 10 Questions You’ve Been Dying to Ask Us ,https://michaelhyatt.com/answers-to-10-questions-youve-been-dying-to-ask-us/ 

My Must-Have Apps for Productivity ,https://michaelhyatt.com/my-must-have-apps-for-productivity/ 

The Year of Facing Fear ,https://michaelhyatt.com/the-year-of-facing-fear/ 

Need Help? Here’s How to Ask for It ,https://michaelhyatt.com/need-help-heres-how-to-ask-for-it/ 

The Right Way to Fire the Wrong Employee ,https://michaelhyatt.com/the-what-when-and-how-of-termination/ 

4 Steps to Developing a Diverse Team ,https://michaelhyatt.com/4-steps-to-developing-a-diverse-team/ 

The Power of Personality ,https://michaelhyatt.com/the-power-of-personality/ 

4 Questions That Will Transform Your Leadership ,https://michaelhyatt.com/4-questions-that-will-transform-your-leadership/ 

Why Every Leader Needs Friends ,https://michaelhyatt.com/why-every-leader-needs-friends/ 

Encore Episode: 5 Leadership Lessons from Martin Luther King, Jr. ,https://michaelhyatt.com/podcast-leadership-mlk-2/ 
